clients,rps
1,713.5249592511644
2,1099.861020079124
3,1341.945681919957
4,1507.7624663800889
5,1628.375374268083
6,1719.9951813861107
7,1791.9091170272782
8,1849.8205416429967
9,1897.4255779496496
10,1937.2247331738554
11,1970.9701727630418
12,1999.9261836629469
13,2025.0279311477864
14,2046.9820117649033
15,2066.3322641465293
16,2083.5040795675104
17,2098.8349838568347
18,2112.5962094321626
19,2125.0082093597653
20,2136.2520094694432
21,2146.477645384199
22,2155.810521940619
23,2164.356268346158
24,2172.204488451519
25,2179.4316887628916
26,2186.1035871096788
27,2192.276949603457
28,2198.0010646284195
29,2203.3189348686046
30,2208.268248354663
31,2212.882174891187
32,2217.1900234332093
33,2221.217787934553
34,2224.9886031360425
35,2228.5231271652706
36,2231.8398643015475
37,2234.955438545853
38,2237.8848265269576
39,2240.641556624957
40,2243.23787989406
41,2245.684917336748
42,2247.992787260589
43,2250.1707157909827
44,2252.227133082864
45,2254.169757344858
46,2256.0056684398146
47,2257.741372539765
48,2259.3828590786084
49,2260.9356510521734
50,2262.4048495549378
51,2263.7951733094033
52,2265.110993832849
53,2266.356366793047
54,2267.535060026223
55,2268.650578624561
56,2269.706187444694
57,2270.7049313413054
58,2271.6496533896106
59,2272.5430113261523
60,2273.387492407872
61,2274.185426864198
62,2274.9390000951626
63,2275.6502637498425
64,2276.3211458032047
65,2276.9534597354555
66,2277.5489129057764
67,2278.1091142017417
68,2278.6355810364853
69,2279.1297457575806
70,2279.59296152455
71,2280.026507705695
72,2280.4315948394983
73,2280.8093692010398
74,2281.16091700963
75,2281.4872683101266
76,2281.789400557083
77,2282.0682419279296
78,2282.324674388808
79,2282.5595365343147
80,2282.773626220392
81,2282.967703007714
82,2283.1424904313126
83,2283.2986781106674
84,2283.4369237132155
85,2283.5578547830055
86,2283.662070445189
87,2283.7501429960735
88,2283.8226193875985
89,2283.88002261433
90,2283.922853010348
91,2283.951589462802
92,2283.9666905482995
93,2283.9685955977993
94,2283.9577256951975
95,2283.9344846143863
96,2283.8992596991457
97,2283.8524226899103
98,2283.794330501108
99,2283.725325952487
100,2283.64573845758
101,2283.5558846722015
102,2283.4560691056645
103,2283.3465846971926
104,2283.227713359817
105,2283.0997264938746
106,2282.9628854720836
107,2282.8174420979944
108,2282.6636390395292
109,2282.5017102391557
110,2282.331881302159
111,2282.1543698643745
112,2281.96938594061
113,2281.7771322549625
114,2281.5778045540956
115,2281.371591904505
116,2281.1586769747123
117,2280.939236303277
118,2280.713440553446
119,2280.481454755214
120,2280.243438535522
121,2279.9995463372434
122,2279.749927627627
123,2279.4947270967427
124,2279.234084846523
125,2278.9681365708825
126,2278.6970137274325
127,2278.420843701221
128,2278.1397499609448
129,2277.8538522080203
130,2277.5632665188978
131,2277.26810548098
132,2276.968478322464
133,2276.6644910364257
134,2276.356246499457
135,2276.043844585108
136,2275.727382272415
137,2275.406953749759
138,2275.082650514279
139,2274.7545614670717
140,2274.4227730043726
141,2274.0873691049273
142,2273.7484314137264
143,2273.4060393222894
144,2273.0602700456525
145,2272.7111986962245
146,2272.3588983546542
147,2272.0034401378553
148,2271.6448932643107
149,2271.2833251167917
150,2270.91880130261
151,2270.551385711505
152,2270.1811405712883
153,2269.808126501337
154,2269.432402564031
155,2269.0540263142343
156,2268.6730538468996
157,2268.2895398428786
158,2267.9035376130205
159,2267.515099140631
160,2267.124275122361
161,2266.731115007593
162,2266.335667036394
163,2265.9379782760852
164,2265.538094656496
165,2265.136061003955
166,2264.7319210740684
167,2264.325717583336
168,2263.917492239658
169,2263.507285771766
170,2263.09513795764
171,2262.6810876519307
172,2262.265172812448
173,2261.8474305257337
174,2261.4278970317755
175,2261.0066077478746
176,2260.5835972917157
177,2260.158899503662
178,2259.7325474683153
179,2259.304573535355
180,2258.8750093396934
181,2258.4438858209764
182,2258.0112332424433
183,2257.5770812091796
184,2257.14145868578
185,2256.7043940134495
186,2256.2659149265555
187,2255.826048568657
188,2255.38482150803
189,2254.942259752704
190,2254.498388765031
191,2254.053233475801
192,2253.6068182979243
193,2253.15916713969
194,2252.7103034176225
195,2252.260250068944
196,2251.8090295636657
197,2251.3566639163064
198,2250.9031746972696
199,2250.4485830438744
200,2249.9929096710625
201,2249.53617488179
202,2249.078398577111
203,2248.619600265971
204,2248.159799074709
205,2247.6990137562943
206,2247.237262699287
207,2246.774563936548
208,2246.3109351537014
209,2245.8463936973485
210,2245.380956583061
211,2244.9146405031433
212,2244.4474618341733
213,2243.9794366443443
214,2243.5105807005916
215,2243.040909475533
216,2242.5704381542087
217,2242.0991816406417
218,2241.6271545642235
219,2241.1543712859175
220,2240.680845904304
221,2240.206592261455
222,2239.731623948661
223,2239.2559543119933
224,2238.7795964577317
225,2238.302563257638
226,2237.824867354102
227,2237.3465211651387
228,2236.867536889269
229,2236.387926510267
230,2235.9077018017856
231,2235.4268743318617
232,2234.9454554673116
233,2234.463456378006
234,2233.9808880410446
235,2233.49776124482
236,2233.0140865929798
237,2232.5298745082937
238,2232.045135236416
239,2231.5598788495663
240,2231.0741152501027
241,2230.5878541740267
242,2230.1011051943815
243,2229.6138777245865
244,2229.126181021675
245,2228.638024189463
246,2228.1494161816377
247,2227.6603658047707
248,2227.170881721263
249,2226.6809724522145
250,2226.190646380231
251,2225.699911752158
252,2225.208776681758
253,2224.717249152316
254,2224.2253370191943
255,2223.7330480123146
256,2223.2403897385975
